{
  "timestamp": "20250611_172106",
  "metrics": {
    "magnitude_relative_error": 57.16391205787659,
    "phase_error_degrees": 83.26988243599527,
    "correlation": 0.6487059723831706,
    "snr_db": 3.215182682257047,
    "masked_magnitude_error": 92.42041110992432,
    "masked_phase_error_degrees": 111.38966196591105,
    "masked_correlation": 0.26239953297991514,
    "unmasked_magnitude_error": 22.102203965187073,
    "mask_ratio": 0.4986149584487535,
    "masked_positions": 2700,
    "total_positions": 5415
  },
  "configuration": {
    "num_frequencies": 15,
    "num_electrodes": 19,
    "frequency_bands": {
      "delta": [
        0,
        1
      ],
      "theta": [
        2,
        3
      ],
      "alpha": [
        4,
        5,
        6
      ],
      "beta": [
        7,
        8,
        9,
        10,
        11,
        12,
        13,
        14
      ]
    },
    "brain_regions": {
      "frontal": 7,
      "central": 3,
      "parietal": 3,
      "temporal": 4,
      "occipital": 2
    }
  }
}