{"epoch": 0, "timestamp": "2025-06-13T16:06:10.007015", "train_metrics": {"total_loss": 4.78409748914525, "mse_loss": 0.0, "magnitude_loss": 6.523543198239988, "phase_loss": 0.09055413733815162, "coherence_loss": 7.475798103772425, "phase_error_degrees": 54.14536075690527, "alpha_phase_error_degrees": 0.0, "alpha_magnitude_error": 25.448120178125812, "magnitude_relative_error": 0.0, "snr_db": 1.6176486727703048, "correlation": 0.4487486448735255, "gradient_norm": Infinity, "memory_peak_gb": 0.1934194564819336, "epoch_time": 1328.4468076229095, "learning_rate": 1e-05}, "val_metrics": {"total_loss": 1.9389681683444395, "phase_error_degrees": 53.091253588193155, "alpha_magnitude_error": 0.8303771126803344, "correlation": 0.5510690808296204, "snr_db": 1.5885759592056274}, "best_metrics": {"best_train_loss": 4.78409748914525, "best_phase_error": 54.14536075690527, "best_alpha_magnitude_error": 25.448120178125812, "best_correlation": 0.4487486448735255}, "session_id": "20250613_153902_enhanced_531k", "model_info": {"parameters": 531929, "memory_estimate_mb": 2.0289955139160156}, "training_setup": {"mixed_precision": true, "gradient_checkpointing": false, "batch_size": 256}}
