{"epoch": 0, "timestamp": "2025-06-09T01:35:34.473841", "train_metrics": {"total_loss": 0.1257944066609655, "phase_error_degrees": 44.21482582814517, "alpha_phase_error_degrees": 44.91128848103771, "alpha_magnitude_error": 6.639758783773793, "snr_db": 2.228559104925642, "correlation": 0.5981129996635347, "weighted_phase": 0.05409784903060549, "weighted_magnitude": 0.007052525441224804, "weighted_hermitian": 0.00017675870837315736, "phase_loss_cosine": 0.17568017470292913, "phase_loss_von_mises": 0.12751535935882036, "coherence_loss": 0.6333218262035547, "hermitian_loss": 0.0025806771629376148, "epoch_time": 985.5300171375275}, "learning_rates": {"phase": 0.0009990232305719944, "general": 0.0005}, "best_metrics": {"best_train_loss": 0.1257944066609655, "best_phase_error": 44.21482582814517, "best_alpha_phase_error": 44.91128848103771}, "revolutionary_status": {"dual_optimizers_active": true, "phase_weight_dominance": true, "brain_region_masking": true, "multi_scale_phase_loss": true, "physics_compliant": true}}
