{"epoch": 0, "timestamp": "2025-06-09T01:15:07.945811", "train_metrics": {"total_loss": 0.11889965744775667, "phase_error_degrees": 43.532122878897006, "alpha_phase_error_degrees": 43.6222183870982, "alpha_magnitude_error": 7.96493003905948, "snr_db": 2.5066964679233337, "correlation": 0.6249404049809484, "weighted_phase": 0.05129928147987737, "weighted_magnitude": 0.006570317060726722, "weighted_hermitian": 0.00019782205888301294, "phase_loss_cosine": 0.16636054355798613, "phase_loss_von_mises": 0.11972855775266014, "coherence_loss": 0.5966349732342358, "hermitian_loss": 0.0028882020815229927, "epoch_time": 985.2813837528229}, "learning_rates": {"phase": 0.0009990232305719944, "general": 0.0005}, "best_metrics": {"best_train_loss": 0.11889965744775667, "best_phase_error": 43.532122878897006, "best_alpha_phase_error": 43.6222183870982}, "revolutionary_status": {"dual_optimizers_active": true, "phase_weight_dominance": true, "brain_region_masking": true, "multi_scale_phase_loss": true, "physics_compliant": true}}
