{
  "enhanced_performance_summary": {
    "num_samples": 5,
    "model_type": "Enhanced EEG Connectivity Model",
    "architecture": "Structured Feature Extraction + Global Attention + Frequency-Specific Heads",
    "parameters": 3708646,
    "phase_error": {
      "mean": 21.515335845947266,
      "std": 14.078206407536053,
      "min": 5.494060039520264,
      "max": 39.0319709777832,
      "target": 25.0,
      "achieved": true
    },
    "alpha_phase_error": {
      "mean": 19.153786754608156,
      "std": 12.355610902004878,
      "min": 4.206918716430664,
      "max": 37.373600006103516,
      "target": 20.0,
      "achieved": true
    },
    "magnitude_error": {
      "mean": 0.07767722308635712,
      "std": 0.010315556669581658,
      "min": 0.06368901580572128,
      "max": 0.08665625005960464,
      "target": 0.08,
      "achieved": true
    },
    "alpha_magnitude_error": {
      "mean": 0.00040974448274937457,
      "std": 0.0002039764436899585,
      "min": 3.568156171240844e-05,
      "max": 0.0006483199540525675,
      "target": 0.08,
      "achieved": true
    },
    "snr_db": {
      "mean": 18.523190307617188,
      "std": 1.1112219837176223,
      "min": 16.408334732055664,
      "max": 19.696088790893555,
      "target": 0.0,
      "achieved": true
    },
    "correlation": {
      "mean": 0.993366026878357,
      "std": 0.0017667969901399385,
      "min": 0.9899407625198364,
      "max": 0.9950323104858398,
      "target": 0.8,
      "achieved": true
    },
    "total_loss": {
      "mean": 0.0172354968264699,
      "std": 0.0046815712831184495,
      "min": 0.011629002168774605,
      "max": 0.02255316637456417
    }
  },
  "enhanced_achievements": {
    "phase_error_under_25": "True",
    "alpha_phase_under_20": "True",
    "alpha_magnitude_under_8": "True",
    "positive_snr": "True",
    "correlation_over_08": "True",
    "enhanced_samples_achieving_targets": {
      "phase_under_25": 3,
      "alpha_phase_under_20": 2,
      "alpha_magnitude_under_8": 5,
      "snr_positive": 5,
      "correlation_high": 5
    },
    "enhanced_overall_success_rate": 0.8,
    "enhanced_model_achievements": {
      "architecture_upgrade": true,
      "parameter_scaling": true,
      "structured_processing": true,
      "global_attention": true,
      "frequency_specific_heads": true
    }
  },
  "enhanced_detailed_metrics": [
    {
      "total_loss": 0.02255316637456417,
      "mse_loss": 5.3935025789542124e-05,
      "magnitude_loss": 0.0607028529047966,
      "phase_loss": 0.018902724608778954,
      "coherence_loss": 0.00010619794193189591,
      "weighted_mse": 1.0787005521706305e-05,
      "weighted_magnitude": 0.012140571139752865,
      "weighted_phase": 0.010396499186754227,
      "weighted_coherence": 5.309897005645325e-06,
      "magnitude_relative_error": 0.08665625005960464,
      "magnitude_basic_loss": 8.023912960197777e-05,
      "magnitude_freq_weighted": 6.46791813778691e-05,
      "alpha_magnitude_error": 3.568156171240844e-05,
      "magnitude_mean_recon": 0.04069459065794945,
      "magnitude_mean_orig": 0.043463997542858124,
      "phase_error_degrees": 35.8245964050293,
      "phase_error_radians": 0.625257134437561,
      "alpha_phase_error_degrees": 37.373600006103516,
      "phase_loss_type": "cosine",
      "phase_mean_diff": 0.12904873490333557,
      "power_coherence": 1.825883191486355e-05,
      "spatial_coherence": 0.00012035469990223646,
      "temporal_coherence": 7.404671487165615e-05,
      "coherence_type": "magnitude_consistency",
      "mask_ratio": 0.5013850331306458,
      "loss_weights": {
        "mse": 0.2,
        "magnitude": 0.2,
        "phase": 0.55,
        "coherence": 0.05
      },
      "snr_db": 18.93756866455078,
      "correlation": 0.9937422871589661,
      "magnitude_mse": 8.023912960197777e-05,
      "magnitude_mae": 0.004076841287314892,
      "magnitude_correlation": 0.995010495185852,
      "phase_mse": 0.005575704388320446,
      "phase_mae": 0.024059755727648735,
      "phase_cosine_similarity": 0.9784724116325378,
      "delta_magnitude_error": 0.0002809647412505001,
      "delta_magnitude_relative": 0.13782520592212677,
      "delta_phase_error_degrees": 26.854124069213867,
      "delta_snr_db": 10.567541122436523,
      "theta_magnitude_error": 1.809678906283807e-05,
      "theta_magnitude_relative": 0.0963611751794815,
      "theta_phase_error_degrees": 29.704696655273438,
      "theta_snr_db": 17.873594284057617,
      "alpha_magnitude_relative": 0.08684569597244263,
      "alpha_snr_db": 20.934101104736328,
      "beta_magnitude_error": 6.230240251170471e-05,
      "beta_magnitude_relative": 0.07136674970388412,
      "beta_phase_error_degrees": 38.492923736572266,
      "beta_snr_db": 21.421335220336914
    },
    {
      "total_loss": 0.017272640019655228,
      "mse_loss": 0.00038583483546972275,
      "magnitude_loss": 0.06067904084920883,
      "phase_loss": 0.008957094512879848,
      "coherence_loss": 0.0026652482338249683,
      "weighted_mse": 7.716696563875303e-05,
      "weighted_magnitude": 0.012135808356106281,
      "weighted_phase": 0.004926402121782303,
      "weighted_coherence": 0.00013326240878086537,
      "magnitude_relative_error": 0.08621828258037567,
      "magnitude_basic_loss": 0.0006030873046256602,
      "magnitude_freq_weighted": 0.0004843842179980129,
      "alpha_magnitude_error": 0.0004033649747725576,
      "magnitude_mean_recon": 0.10580936819314957,
      "magnitude_mean_orig": 0.1124223917722702,
      "phase_error_degrees": 20.60651397705078,
      "phase_error_radians": 0.3596515357494354,
      "alpha_phase_error_degrees": 24.44559669494629,
      "phase_loss_type": "cosine",
      "phase_mean_diff": 0.07255281507968903,
      "power_coherence": 0.0019708999898284674,
      "spatial_coherence": 0.000775974418502301,
      "temporal_coherence": 0.0006593657890334725,
      "coherence_type": "magnitude_consistency",
      "mask_ratio": 0.5013850331306458,
      "loss_weights": {
        "mse": 0.2,
        "magnitude": 0.2,
        "phase": 0.55,
        "coherence": 0.05
      },
      "snr_db": 18.87325668334961,
      "correlation": 0.9940310120582581,
      "magnitude_mse": 0.0006030873046256602,
      "magnitude_mae": 0.010497034527361393,
      "magnitude_correlation": 0.9950857758522034,
      "phase_mse": 0.002798046451061964,
      "phase_mae": 0.017940392717719078,
      "phase_cosine_similarity": 0.9885914325714111,
      "delta_magnitude_error": 0.00019072421127930284,
      "delta_magnitude_relative": 0.21589773893356323,
      "delta_phase_error_degrees": 30.2388916015625,
      "delta_snr_db": 8.06983757019043,
      "theta_magnitude_error": 0.00019529667042661458,
      "theta_magnitude_relative": 0.13086535036563873,
      "theta_phase_error_degrees": 24.623891830444336,
      "theta_snr_db": 14.291678428649902,
      "alpha_magnitude_relative": 0.05180835351347923,
      "alpha_snr_db": 20.009260177612305,
      "beta_magnitude_error": 0.0008830216247588396,
      "beta_magnitude_relative": 0.05554037541151047,
      "beta_phase_error_degrees": 13.852849006652832,
      "beta_snr_db": 18.93831443786621
    },
    {
      "total_loss": 0.012369238771498203,
      "mse_loss": 0.000331998715410009,
      "magnitude_loss": 0.04488549008965492,
      "phase_loss": 0.005899013020098209,
      "coherence_loss": 0.001625654986128211,
      "weighted_mse": 6.639974162681028e-05,
      "weighted_magnitude": 0.008977098390460014,
      "weighted_phase": 0.0032444573007524014,
      "weighted_coherence": 8.128274930641055e-05,
      "magnitude_relative_error": 0.06368901580572128,
      "magnitude_basic_loss": 0.0005251685506664217,
      "magnitude_freq_weighted": 0.00048543393495492637,
      "alpha_magnitude_error": 0.0005039889947511256,
      "magnitude_mean_recon": 0.10656814277172089,
      "magnitude_mean_orig": 0.11403235793113708,
      "phase_error_degrees": 6.619537830352783,